Index,File Name,Backgrounds,Fur,Ears,Brows,Eyes,Nose,Shirt,Tie,Blazer,Headwear,Glasses,Signature,Background,Henley,Collar,T-shirt,Pattern,Nipples
1,00001.png,Diamonds,White,Pink,Usual,Blue eyelids,Rose,White,Pink,Black bazer,No hat,Unique monocle,Natasha Pankina,,,,,,
2,00002.png,,White grey stripes,Grey,Usual,Hazel,Ginger,,,,Pink headphones,No glasses,Natasha Pankina,Pentaptych Alps 3,Pink paw,Fang,,,
3,00003.png,,Black white spotted,Grey,Raised,Hazel,Beaming,,,,Unicorn,No glasses,Natasha Pankina,Pentaptych Alps 2,Yellow coral,Key,,,
4,00004.png,,Ginger grey spotted,Pink,Pensive,Green eyelids,Purple party favor,,,,Bunny,No glasses,Natasha Pankina,Pentaptych Alps 1,Blue milk,Ethereum,,,
5,00005.png,,Calico black white,Grey,Pensive,Black eyelids,Rose,,,,Pineapple,No glasses,Natasha Pankina,Pentaptych Alps 4,Pink coral,White bandana,,,
6,00006.png,,White ginger spotted,Pink,Pensive,Dreaming,Black,,,,Flyagaric,No glasses,Natasha Pankina,Pentaptych Alps 5,Orange black paws,Red bow,,,
7,00007.png,,Black grey mouth,Pink,Raised,Grey left,Rose,,,,Panda,No glasses,Natasha Pankina,Pentaptych Space 3,No henley,No collar,,,
8,00008.png,,Ginger grey spotted,Grey,Raised,Blue left eyelids,Laughing,,,,Striped pink party hat,No glasses,Natasha Pankina,Pentaptych Space 2,No henley,Ethereum,,,
9,00009.png,,Ginger white stripes,Grey,Raised,Hazel eyelids,Tongue,,,,Bear,No glasses,Natasha Pankina,Pentaptych Space 1,No henley,Striped blue green scarf,,,
10,00010.png,,Black tuxedo,Grey,Usual,Green left,Purple party favor,,,,Teal party hat,No glasses,Natasha Pankina,Pentaptych Space 4,No henley,Leather,,,
11,00011.png,,Ginger tuxedo,Grey,Raised,Grey,Surprised,,,,Coral swimcap,No glasses,Natasha Pankina,Pentaptych Space 5,No henley,Bitcoin,,,
12,00012.png,,Black white stripes,Grey,Pensive,Hazel crying,Grinning,,,,Tiger,No glasses,Natasha Pankina,Pentaptych Underwater 5,,,Yellow,Sushi,
13,00013.png,,White black spotted,Grey,Raised,Heterochromia left big,Drooling,,,,Pink polkadot party hat,No glasses,Natasha Pankina,Pentaptych Underwater 4,,,Black,Milk,
14,00014.png,,Ginger grey spotted,Grey,Raised,Green left eyelids,Beaming,,,,Swimcap,No glasses,Natasha Pankina,Pentaptych Underwater 2,,,White,Diamonds,
15,00015.png,,Black tuxedo,Pink,Raised,Blue,Purple party favor,,,,No hat,No glasses,Natasha Pankina,Pentaptych Underwater 3,,,Black,Foodbowl,
16,00016.png,,Black grey mouth,Pink,Raised,Blue,Drooling,,,,Dino,No glasses,Natasha Pankina,Pentaptych Underwater 1,,,White,Finance,
17,00017.png,,Black white stripes,Grey,Usual,Dreaming,Cheshire smile,,,,Tiger,Black,Natasha Pankina,Tropical fish orange,,Red bandana,,,Nipples
18,00018.png,,White purple stripes,Pink,Pensive,Blue,Purple party favor,,,,Flowers headband,Monocle,Natasha Pankina,Beer blue violet,,Black cape,,,No nipples
19,00019.png,,Black white stripes,Grey,Raised,Blue,Grinning,,,,Bear,Orange cateye,Natasha Pankina,Hemp white,,Leather,,,Nipples
20,00020.png,,Beige,Grey,Raised,Green,Grey mustache,,,,Unicorn,Sunglasses,Natasha Pankina,Balloons grey,,Teal cape,,,No nipples
21,00021.png,,Beige,Pink,Raised,Grey eyelids,Black,,,,Green party hat,Black cateye,Natasha Pankina,Pizza orange,,Leather,,,No nipples
22,00022.png,,Black white stripes,Grey,Usual,Green,Rose,,,,Blue party hat,3D,Natasha Pankina,Hemp pink,,Key,,,Nipples
23,00023.png,,White grey spotted,Pink,Pensive,Bitcoin,Scared,,,,Swimcap,3D,Natasha Pankina,Bitcoin blue green,,Red bandana,,,Nipples
24,00024.png,,White red stripes,Pink,Usual,Black crying,Rose,,,,Candy stripe propellerhat,Monocle,Natasha Pankina,Bats blue violet,,Striped scarf,,,Nipples
25,00025.png,,White purple stripes,Pink,Pensive,Green,Beaming,,,,Candy stripe propellerhat,Round,Natasha Pankina,Ethereum pink,,Black bow,,,Nipples
26,00026.png,,Black grey mouth,Pink,Usual,Green,Yellow party favor,,,,Rainbow propellerhat,Monocle,Natasha Pankina,Forest pink,,White bandana,,,No nipples
27,00027.png,,White grey stripes,Grey,Usual,Hazel,Ginger,,,,Teal party hat,Black cateye,Natasha Pankina,Diamonds pink,,Bitcoin,,,Nipples
28,00028.png,,Ginger tuxedo,Pink,Pensive,Green crying,Black mustache,,,,Rainbow propellerhat,Round,Natasha Pankina,Ethereum grey,,Red bow,,,Nipples
29,00029.png,,Ginger black stripes,Pink,Pensive,Hazel,Laughing,,,,Antlers,Pirate patch,Natasha Pankina,Clouds white,,Bitcoin,,,Nipples
30,00030.png,,Calico ginger black,Grey,Raised,Green crying,Facemask,,,,Candy stripe propellerhat,Orange,Natasha Pankina,Milkbox pink,,Red,,,Nipples
31,00031.png,,White purple stripes,Pink,Usual,Black eyelids,Facemask,,,,Grey headphones,Black,Natasha Pankina,Bats blue green,,Neko,,,Nipples
32,00032.png,,Ginger grey spotted,Pink,Pensive,Green,Grinning,,,,No hat,Round,Natasha Pankina,Grey,,Fang,,,Nipples
33,00033.png,,White blue stripes,Grey,Usual,Hazel left eyelids,Yellow party favor,,,,Old hat,No glasses,Natasha Pankina,Beer pink,,Red bandana,,,Nipples
34,00034.png,,Black grey mouth,Grey,Raised,Ethereum,Facemask,,,,Flyagaric,Pink,Natasha Pankina,Green,,Striped blue green scarf,,,No nipples
35,00035.png,,Black,Pink,Raised,Dreaming,Black,,,,Bath towel,No glasses,Natasha Pankina,Ethereum white,,Black cape,,,No nipples
36,00036.png,,Calico black ginger,Pink,Raised,Hazel left eyelids,Laughing,,,,Unicorn,No glasses,Natasha Pankina,Milkbox blue green,,Pink,,,Nipples
37,00037.png,,Ginger black stripes,Grey,Usual,Blue crying,Grinning,,,,Blue Swimcap,No glasses,Natasha Pankina,Milkbox green yellow,,Fish,,,No nipples
38,00038.png,,White black spotted,Pink,Pensive,Heterochromia left,Grey mustache,,,,Sombrero,Black,Natasha Pankina,CBD blue violet,,Striped scarf,,,No nipples
39,00039.png,,Black white spotted,Grey,Raised,Heterochromia,Tongue,,,,Pink polkadot party hat,Pirate patch,Natasha Pankina,Pizza blue violet,,Red bow,,,No nipples
40,00040.png,,White,Pink,Pensive,Heterochromia left big,Ginger,,,,Flowers headband,Monocle,Natasha Pankina,Foodbowl grey blue,,Black bow,,,No nipples
41,00041.png,,White purple stripes,Grey,Pensive,Blue left,Bubblegum,,,,Paperbag,No glasses,Natasha Pankina,Ethereum grey blue,,Pink wings,,,Nipples
42,00042.png,,Ginger white spotted,Pink,Raised,Blue left,Cheshire smile,,,,Blue Swimcap,Pink cateye,Natasha Pankina,Fish white,,Bell,,,No nipples
43,00043.png,,White purple stripes,Grey,Pensive,Heterochromia,Black,,,,Teal party hat,Monocle,Natasha Pankina,Pizza blue green,,Black bow,,,No nipples
44,00044.png,,White black stripes,Grey,Pensive,Spinning,Facemask,,,,Tropical fish swimcap,Orange,Natasha Pankina,Bitcoin white,,Pink scarf,,,No nipples
45,00045.png,,White ginger spotted,Pink,Usual,Blue,Scared,,,,Pineapple,Round,Natasha Pankina,Math pink,,White bandana,,,Nipples
46,00046.png,,Calico black white,Pink,Raised,Black eyelids,Drooling,,,,Blue party hat,Pink,Natasha Pankina,Black paws blue violet,,Striped scarf,,,No nipples
47,00047.png,,Ginger tuxedo,Pink,Pensive,Heterochromia left big,Licking,,,,Striped pink party hat,Round,Natasha Pankina,Palms grey,,No collar,,,Nipples
48,00048.png,,White grey stripes,Grey,Raised,Grey left,Cheshire smile,,,,Bath towel,No glasses,Natasha Pankina,Forest grey blue,,Leather,,,No nipples
49,00049.png,,Black pink stripes,Pink,Raised,Hazel eyelids,Licking,,,,Panda,Black,Natasha Pankina,CBD white,,Pink,,,Nipples
50,00050.png,,White black spotted,Pink,Raised,Hazel left eyelids,Laughing,,,,Panda,Black,Natasha Pankina,Fastfood orange,,Golden,,,Nipples
51,00051.png,,White ginger stripes,Grey,Pensive,Hazel left eyelids,Drooling,,,,Bear,Round,Natasha Pankina,CBD blue green,,Red bandana,,,No nipples
52,00052.png,,White,Grey,Raised,Black eyelids,Yellow party favor,,,,Paperbag,Pink cateye,Natasha Pankina,Pumpkins orange,,Bitcoin,,,No nipples
53,00053.png,,White purple stripes,Pink,Raised,Closed,Scared,,,,Teal party hat,Orange,Natasha Pankina,Fish blue violet,,Pink wings,,,No nipples
54,00054.png,,White ginger stripes,Grey,Pensive,Heterochromia,Cheshire smile,,,,Batman,Black,Natasha Pankina,Math white,,Key,,,Nipples
55,00055.png,,Calico ginger white,Pink,Usual,Green left,Grey mustache,,,,No hat,Round,Natasha Pankina,CBD green yellow,,Red cape,,,Nipples
56,00056.png,,Black grey mouth,Grey,Raised,Blue eyelids,Cheshire smile,,,,Sombrero,Orange cateye,Natasha Pankina,Clouds pink green,,Fish,,,Nipples
57,00057.png,,White grey stripes,Pink,Raised,Grey,Purple party favor,,,,Sombrero,3D,Natasha Pankina,Milk orange,,Black bow,,,Nipples
58,00058.png,,Ginger black stripes,Grey,Pensive,Blue left eyelids,Scared,,,,Dino,Black,Natasha Pankina,Fireworks white,,Red bow,,,No nipples
59,00059.png,,Ginger grey spotted,Pink,Pensive,Hazel left eyelids,Scared,,,,Unicorn,3D,Natasha Pankina,Fastfood grey blue,,Key,,,No nipples
60,00060.png,,White ginger stripes,Pink,Raised,Green left eyelids,Beaming,,,,Paperbag not famous,Pink,Natasha Pankina,Black paws orange,,Pink bandana,,,No nipples
61,00061.png,,White green stripes,Pink,Pensive,Heterochromia,Scared,,,,Bath towel,Monocle,Natasha Pankina,Sushi pink green,,Pink scarf,,,No nipples
62,00062.png,,Grey tuxedo,Grey,Pensive,Blue,Tongue,,,,Bowler hat,Pink,Natasha Pankina,Tropical sea pink,,Blue cape,,,Nipples
63,00063.png,,Black tuxedo,Pink,Raised,Blue,Beaming,,,,Flyagaric,Monocle,Natasha Pankina,Ethereum grey,,Fang,,,No nipples
64,00064.png,,Ginger white spotted,Pink,Raised,Grey,Laughing,,,,Sea lion,Pink,Natasha Pankina,Fishtank pink,,Pink wings,,,No nipples
65,00065.png,,Ginger white spotted,Pink,Pensive,Hazel eyelids,Ginger,,,,Bunny,Monocle,Natasha Pankina,Math pink,,Pink bandana,,,No nipples
66,00066.png,,Black grey spotted,Grey,Raised,Grey left eyelids,Tongue,,,,Teal party hat,No glasses,Natasha Pankina,Fish grey,,Pink,,,Nipples
67,00067.png,,White blue stripes,Pink,Usual,Grey,Bubblegum,,,,Paperbag not famous,Pink,Natasha Pankina,Beer white,,Red bow,,,No nipples
68,00068.png,,Calico ginger,Pink,Raised,Heterochromia left,Black mustache,,,,Burger,Pink cateye,Natasha Pankina,Balloons orange,,Grey scarf,,,Nipples
69,00069.png,,Ginger black stripes,Pink,Pensive,Heterochromia,Cheshire smile,,,,Pink polkadot party hat,Pink cateye,Natasha Pankina,Forest pink,,Bitcoin,,,Nipples
70,00070.png,,White grey stripes,Pink,Pensive,Grey eyelids,Chili pepper mustache,,,,Green party hat,Pink cateye,Natasha Pankina,Tropical sea pink,,Pink scarf,,,Nipples
71,00071.png,,White ginger spotted,Pink,Raised,Heterochromia left,Scared,,,,Bear,Pirate patch,Natasha Pankina,Spiderweb orange,,Red,,,Nipples
72,00072.png,,Ginger white spotted,Grey,Usual,Heterochromia eyelids,Ginger,,,,Dino,Monocle,Natasha Pankina,CBD white,,Neko,,,Nipples
73,00073.png,,White green stripes,Grey,Pensive,Grey,Drooling,,,,Striped pink party hat,Pink cateye,Natasha Pankina,Forest pink green,,Red cape,,,Nipples
74,00074.png,,White ginger spotted,Grey,Pensive,Blue left eyelids,Laughing,,,,Rainbow propellerhat,No glasses,Natasha Pankina,Forest grey blue,,No collar,,,No nipples
75,00075.png,,White,Pink,Usual,Blue crying,Rose,,,,Astronaut,Pink cateye,Natasha Pankina,Hemp blue green,,Striped blue green scarf,,,Nipples
76,00076.png,,Ginger white stripes,Grey,Usual,Blue,Drooling,,,,Paperbag,No glasses,Natasha Pankina,Bitcoin blue green,,Blue cape,,,No nipples
77,00077.png,,White black stripes,Pink,Usual,Blue,Black,,,,Pink headphones,No glasses,Natasha Pankina,Spiderweb blue violet,,Neko,,,No nipples
78,00078.png,,Grey tuxedo,Grey,Usual,Grey eyelids,Yellow party favor,,,,Blue party hat,Orange,Natasha Pankina,Autumn green yellow,,Pink bandana,,,Nipples
79,00079.png,,Ginger white spotted,Pink,Raised,Green,Grey mustache,,,,Sombrero,Round,Natasha Pankina,Finance green yellow,,Key,,,No nipples
80,00080.png,,White red stripes,Pink,Pensive,Heterochromia eyelids,Beaming,,,,Whale themed swimcap,Black,Natasha Pankina,Fish pink,,Striped scarf,,,Nipples
81,00081.png,,Black ginger stripes,Pink,Raised,Blue,Bubblegum,,,,Bowler hat,Monocle,Natasha Pankina,Ethereum pink green,,Red cape,,,No nipples
82,00082.png,,Grey tuxedo,Pink,Pensive,Green,Grey mustache,,,,Horns,Black cateye,Natasha Pankina,CBD pink green,,White bandana,,,Nipples
83,00083.png,,Grey,Pink,Raised,Hazel left eyelids,Scared,,,,Horns,Orange,Natasha Pankina,Cat skull grey,,Striped blue green scarf,,,No nipples
84,00084.png,,White ginger stripes,Pink,Pensive,Heterochromia eyelids,Grinning,,,,Blue Swimcap,Monocle,Natasha Pankina,Milk pink green,,Pink,,,Nipples
85,00085.png,,Black pink stripes,Grey,Raised,Hazel,Licking,,,,Grey headphones,Orange cateye,Natasha Pankina,CBD blue violet,,Ethereum,,,No nipples
86,00086.png,,Black white stripes,Grey,Raised,Green left,Black mustache,,,,Grey headphones,Orange,Natasha Pankina,Milkbox pink green,,Red cape,,,Nipples
87,00087.png,,White ginger spotted,Grey,Raised,Green crying,Surprised,,,,Bowler hat,Pirate patch,Natasha Pankina,Fireworks blue green,,Blue cape,,,No nipples
88,00088.png,,Black tuxedo,Grey,Pensive,Blue left,Black,,,,Candy stripe propellerhat,Orange,Natasha Pankina,Planets,,White wings,,,No nipples
89,00089.png,,Black white spotted,Pink,Pensive,Hazel eyelids,Licking,,,,Candy stripe propellerhat,Pink,Natasha Pankina,Sushi white,,Neko,,,No nipples
90,00090.png,,Calico ginger black,Grey,Raised,Blue crying,Ginger,,,,Flowers headband,Pirate patch,Natasha Pankina,Fireworks blue violet,,Pink,,,Nipples
91,00091.png,,Grey tuxedo,Pink,Raised,Hazel eyelids,Drooling,,,,Paperbag,Black cateye,Natasha Pankina,Cat skull blue green,,Fang,,,No nipples
92,00092.png,,Ginger white spotted,Grey,Raised,Blue,Licking,,,,Bowler hat,Pink,Natasha Pankina,Palms grey,,Ethereum,,,Nipples
93,00093.png,,White ginger spotted,Pink,Usual,Blue left,Black mustache,,,,Sombrero,Round,Natasha Pankina,Spiderweb pink,,Teal cape,,,Nipples
94,00094.png,,Black white stripes,Pink,Usual,Green left eyelids,Rose,,,,Panda,Sunglasses,Natasha Pankina,Tropical sea pink,,Red cape,,,No nipples
95,00095.png,,Black white spotted,Grey,Raised,Hazel,Ginger,,,,Black hat,Orange,Natasha Pankina,Bats green yellow,,Pink scarf,,,Nipples
96,00096.png,,Ginger black stripes,Grey,Raised,Hazel left,Grey mustache,,,,Tiger,Orange,Natasha Pankina,Sushi white,,Ethereum,,,Nipples
97,00097.png,,Grey,Grey,Raised,Ethereum,Laughing,,,,Paperbag not famous,No glasses,Natasha Pankina,Ethereum white,,White bandana,,,Nipples
98,00098.png,,Calico ginger,Pink,Usual,Green eyelids,Scared,,,,Bunny,Orange cateye,Natasha Pankina,Palms pink green,,Bell,,,Nipples
99,00099.png,,Ginger black spotted,Pink,Usual,Black,Surprised,,,,Tiger,No glasses,Natasha Pankina,Ethereum blue green,,Pink wings,,,No nipples
100,00100.png,,Black ginger stripes,Grey,Raised,Green,Black,,,,Teal party hat,Pirate patch,Natasha Pankina,Finance pink,,Pink,,,Nipples